Time_Percentage,Angle
0.0,5.7555236816409945
0.07151796888968354,5.720962524414006
0.1519756838905775,5.685752868652003
0.22349365278026107,5.647117614745994
0.29501162166994455,5.603927612305
0.37546933667083854,5.557891845702997
0.44698730556052213,5.512313842772997
0.5185052744502057,5.470001220702997
0.5989629894510996,5.431884765625
0.6704809583407831,5.396705627440994
0.7419989272304667,5.362030029297003
0.8224566422313607,5.325805664062003
0.8939746111210443,5.287086486815994
0.9654925800107277,5.245864868164006
1.0459502950116217,5.202590942382997
1.1174682639013052,5.15788269043
1.1889862327909888,5.112350463867003
1.2694439477918829,5.066459655762003
1.3409619166815663,5.020614624022997
1.41247988557125,4.975036621094006
1.4929376005721438,4.92985534668
1.5644555694618274,4.88508605957
1.6359735383515108,4.840660095215
1.7164312533524049,4.796424865722997
1.7879492222420885,4.752304077147997
1.859467191131772,4.708427429199006
1.939924906132666,4.665092468262003
2.0114428750223494,4.62264251709
2.082960843912033,4.58122253418
2.163418558912927,4.540626525879006
2.2349365278026103,4.500267028809006
2.306454496692294,4.459342956542997
2.386912211693188,4.417053222655994
2.4584301805828717,4.372299194335994
2.5388878955837657,4.323417663574006
2.610405864473449,4.268508911132997
2.6819238333631326,4.20637512207
2.7623815483640266,4.137908935547003
2.8338995172537103,4.066993713379006
2.9054174861433935,3.9987640380859943
2.9858752011442875,3.9364852905270027
3.057393170033971,3.88094329834
3.128911138923655,3.831848144530994
3.2093688539245484,3.7883453369140057
3.280886822814232,3.7491226196290057
3.3524047917039153,3.7133102416990056
3.4328625067048097,3.681045532227003
3.504380475594493,3.65234375
3.575898444484177,3.6252899169920028
3.6563561594850706,3.5966415405270027
3.7278741283747543,3.5644683837890057
3.7993920972644375,3.528511047362997
3.879849812265332,3.488502502440994
3.951367781155015,3.4447250366209943
4.022885750044699,3.399360656737997
4.103343465045593,3.355735778809006
4.174861433935276,3.31583404541
4.246379402824959,3.2790908813479973
4.326837117825854,3.2435302734370026
4.398355086715537,3.207489013672003
4.469873055605221,3.170059204102003
4.550330770606115,3.1311187744140057
4.621848739495799,3.0909118652340055
4.693366708385482,3.0494079589840055
4.773824423386376,3.006355285645
4.845342392276059,2.9623031616209943
4.916860361165743,2.9186859130859943
4.9973180761666365,2.8768005371090055
5.068836045056321,2.837104797362997
5.140354013946004,2.7989273071290057
5.220811728946898,2.7615432739259944
5.292329697836581,2.7251968383790057
5.363847666726265,2.6901397705079972
5.444305381727159,2.6552276611329972
5.515823350616842,2.619079589844006
5.596281065617736,2.581565856934006
5.6677990345074205,2.543403625487997
5.739317003397104,2.5054931640620026
5.819774718397998,2.469078063965
5.891292687287681,2.436088562012003
5.962810656177365,2.4090576171870026
6.043268371178258,2.390892028809006
6.114786340067942,2.3836135864259944
6.1863043089576255,2.385627746582003
6.26676202395852,2.390113830565994
6.338279992848203,2.3881378173829972
6.409797961737887,2.374626159667997
6.490255676738781,2.3503875732420028
6.561773645628464,2.319091796875
6.633291614518148,2.2842178344729973
6.713749329519042,2.248664855957003
6.785267298408725,2.214302062987997
6.856785267298409,2.1815185546870026
6.937242982299302,2.149932861327997
7.008760951188986,2.119110107422003
7.08027892007867,2.088752746582003
7.160736635079563,2.058403015137003
7.232254603969247,2.0273895263670028
7.303772572858931,1.9952468872070028
7.3842302878598245,1.9620285034179972
7.455748256749509,1.928115844727003
7.527266225639191,1.8936538696290057
7.607723940640086,1.8583602905270027
7.679241909529769,1.8221359252929972
7.750759878419452,1.7856063842770027
7.831217593420346,1.7497634887700002
7.90273556231003,1.7152328491209943
7.974253531199714,1.6820526123050001
8.054711246200608,1.64998626709
8.12622921509029,1.61873626709
8.197747183979976,1.587783813477003
8.278204898980869,1.5569458007809942
8.349722867870552,1.5267257690429972
8.430180582871447,1.4979858398440058
8.50169855176113,1.4711151123050001
8.573216520650814,1.445610046387003
8.653674235651708,1.4205093383790057
8.72519220454139,1.3953247070309942
8.796710173431075,1.3700485229490056
8.877167888431968,1.3443603515620026
8.948685857321651,1.3176879882809942
9.020203826211336,1.2898025512700002
9.10066154121223,1.2609634399409941
9.172179510101913,1.2313842773440058
9.243697478991598,1.201278686522997
9.32415519399249,1.1708374023440058
9.395673162882174,1.1401138305659941
9.467191131771857,1.109184265137003
9.547648846772752,1.0783309936520027
9.619166815662435,1.047988891602003
9.690684784552118,1.0189971923829972
9.771142499553012,0.9926681518549998
9.842660468442697,0.970565795897997
9.91417843733238,0.954536437987997
9.994636152333273,0.9467468261720029
10.066154121222958,0.9490509033199999
10.137672090112641,0.961318969727003
10.218129805113534,0.980415344237997
10.28964777400322,1.0022125244140057
10.3611657428929,1.025230407715
10.441623457893796,1.051300048827997
10.513141426783479,1.0829086303709943
10.584659395673162,1.121635437012003
10.665117110674057,1.1691741943359943
10.73663507956374,1.2265243530270027
10.808153048453423,1.2912979125979973
10.888610763454318,1.3580780029300001
10.960128732344002,1.4215621948240056
11.031646701233685,1.4782638549799998
11.11210441623458,1.5258331298829972
11.183622385124263,1.5626678466800001
11.255140354013946,1.58935546875
11.335598069014841,1.6101303100590059
11.407116037904522,1.6313095092770027
11.487573752905417,1.6576461791990056
11.5590917217951,1.6905593872070028
11.630609690684784,1.729194641112997
11.711067405685679,1.7719345092770027
11.782585374575362,1.8171768188479973
11.854103343465045,1.8636779785159945
11.93456105846594,1.9105758666990056
12.006079027355623,1.9573364257809942
12.077596996245306,2.0037612915040057
12.158054711246201,2.0500869750979973
12.229572680135885,2.096817016602003
12.301090649025568,2.14461517334
12.381548364026463,2.19409942627
12.453066332916144,2.24584197998
12.524584301805831,2.30004119873
12.605042016806722,2.3563766479490056
12.676559985696406,2.4140167236329972
12.74807795458609,2.471794128417997
12.828535669586985,2.528190612792997
12.900053638476667,2.581787109375
12.97157160736635,2.631858825684006
13.052029322367245,2.6781311035159945
13.123547291256928,2.7206344604490056
13.195065260146613,2.759773254395
13.275522975147505,2.796653747559006
13.34704094403719,2.8337554931640057
13.418558912926873,2.8745803833009944
13.499016627927768,2.9209365844729973
13.57053459681745,2.971076965332003
13.642052565707132,3.0216903686520027
13.722510280708027,3.070663452147997
13.794028249597712,3.11743927002
13.865546218487395,3.1624221801759944
13.946003933488289,3.20629119873
14.017521902377972,3.2495498657229973
14.089039871267655,3.292457580565994
14.16949758626855,3.3350296020509944
14.241015555158235,3.377113342285
14.321473270159126,3.418594360352003
14.392991239048811,3.459442138672003
14.464509207938494,3.499862670897997
14.54496692293939,3.5403289794920028
14.61648489182907,3.5815887451170028
14.688002860718754,3.6239013671870026
14.768460575719649,3.666618347167997
14.839978544609334,3.7089385986329972
14.911496513499017,3.750793457030994
14.99195422849991,3.792533874512003
15.063472197389594,3.83430480957
15.134990166279277,3.876052856445
15.215447881280172,3.9175262451170028
15.286965850169857,3.958366394042997
15.358483819059538,3.998291015625
15.438941534060433,4.037155151367003
15.510459502950116,4.075225830077997
15.5819774718398,4.113311767577997
15.662435186840693,4.152130126952997
15.733953155730376,4.19165802002
15.80547112462006,4.231086730957003
15.885928839620956,4.269264221190994
15.957446808510639,4.304954528809006
16.028964777400322,4.337364196777003
16.109422492401215,4.36637878418
16.1809404612909,4.392501831055
16.25245843018058,4.416519165039006
16.33291614518148,4.439834594727003
16.404434114071158,4.464218139647997
16.475952082960845,4.490997314452997
16.556409797961738,4.52091217041
16.62792776685142,4.554229736327997
16.699445735741104,4.590682983397997
16.779903450741998,4.629219055175994
16.85142141963168,4.668472290039006
16.922939388521367,4.707542419434006
17.00339710352226,4.746215820312003
17.074915072411944,4.784370422362997
17.146433041301627,4.821174621582003
17.22689075630252,4.854919433594006
17.298408725192203,4.88330078125
17.3788664401931,4.904319763184006
17.45038440908278,4.917182922362997
17.521902377972467,4.922584533690994
17.60236009297336,4.923133850097997
17.673878061863043,4.923851013184006
17.745396030752726,4.930450439452997
17.82585374575362,4.946090698242003
17.897371714643302,4.970329284667997
17.96888968353299,5.0011291503909945
18.049347398533882,5.036354064940994
18.120865367423566,5.074043273925994
18.19238333631325,5.112251281737997
18.272841051314142,5.149467468262003
18.344359020203825,5.185066223145
18.415876989093512,5.219291687012003
18.4963347040944,5.252731323242003
18.56785267298409,5.286033630370994
18.63937064187377,5.319900512695
18.719828356874665,5.354713439940994
18.791346325764348,5.38996887207
18.862864294654035,5.424705505370994
18.943322009654924,5.458251953125
19.01483997854461,5.49063873291
19.086357947434294,5.522354125977003
19.166815662435187,5.55387878418
19.23833363132487,5.585708618164006
19.309851600214554,5.6182556152340055
19.390309315215447,5.651786804199006
19.461827284105134,5.686660766602003
19.533345252994817,5.722816467285
19.61380296799571,5.759468078612997
19.685320936885393,5.795532226562003
19.756838905775076,5.830444335937003
19.83729662077597,5.864448547362997
19.908814589665656,5.898056030272997
19.980332558555336,5.931694030762003
20.060790273556233,5.965866088867003
20.132308242445916,6.0008544921875
20.2038262113356,6.036163330078097
20.284283926336492,6.070899963378906
20.355801895226175,6.104598999023395
20.43625961022707,6.137550354003906
20.507777579116755,6.170387268066406
20.57929554800644,6.203659057617202
20.65975326300733,6.237930297851605
20.731271231897015,6.273284912109403
20.802789200786698,6.3089599609375
20.88324691578759,6.343902587890597
20.954764884677274,6.377540588378906
21.026282853566958,6.410125732421903
21.106740568567854,6.442161560058594
21.178258537457538,6.473884582519503
21.24977650634722,6.505599975585895
21.330234221348114,6.537521362304702
21.401752190237797,6.569664001464801
21.47327015912748,6.601959228515597
21.553727874128377,6.633956909179702
21.62524584301806,6.664596557617202
21.69676381190774,6.6923828125
21.777221526908637,6.715415954589801
21.84873949579832,6.7317428588867045
21.920257464688003,6.741249084472699
22.000715179688896,6.747543334960895
22.07223314857858,6.756927490234403
22.143751117468263,6.774391174316406
22.22420883246916,6.801544189453097
22.295726801358843,6.837303161621094
22.367244770248526,6.878379821777301
22.44770248524942,6.919692993164105
22.519220454139102,6.957138061523395
22.590738423028785,6.989753723144503
22.671196138029682,7.0200881958007955
22.74271410691936,7.052947998046903
22.814232075809045,7.0918502807617045
22.89468979080994,7.1353073120117045
22.966207759699625,7.177131652832003
23.037725728589308,7.211029052734403
23.1181834435902,7.235977172851605
23.189701412479884,7.256149291992202
23.261219381369568,7.276268005371094
23.341677096370464,7.298904418945298
23.413195065260147,7.324592590332003
23.49365278026104,7.352745056152301
23.565170749150724,7.3825149536132955
23.636688718040407,7.413124084472699
23.717146433041304,7.443939208984403
23.788664401930983,7.474632263183594
23.860182370820667,7.5051956176757955
23.940640085821563,7.535659790039105
24.012158054711247,7.566146850585895
24.08367602360093,7.596725463867202
24.164133738601823,7.627304077148395
24.235651707491506,7.657867431640597
24.30716967638119,7.688369750976605
24.387627391382086,7.718635559082003
24.45914536027177,7.748680114746094
24.53066332916145,7.7784957885742045
24.611121044162346,7.808113098144503
24.68263901305203,7.837738037109403
24.754156981941712,7.867492675781193
24.834614696942605,7.897216796875
24.90613266583229,7.9266357421875
24.977650634721975,7.955490112304702
25.05810834972287,7.983551025390597
25.12962631861255,8.011154174804702
25.201144287502235,8.039085388183594
25.281602002503128,8.067832946777301
25.35311997139281,8.097297668457003
25.424637940282498,8.127258300781193
25.505095655283387,8.157432556152301
25.57661362417307,8.187431335449205
25.648131593062757,8.216926574707003
25.728589308063647,8.245620727539105
25.800107276953334,8.273277282714801
25.871625245843017,8.300186157226605
25.952082960843914,8.326858520507798
26.023600929733597,8.353088378906193
26.095118898623284,8.377899169921903
26.175576613624173,8.400260925292997
26.247094582513856,8.419441223144503
26.32755229751475,8.435417175292997
26.399070266404433,8.449363708496094
26.47058823529412,8.462997436523395
26.55104595029501,8.477523803710895
26.622563919184692,8.493675231933594
26.69408188807438,8.512001037597699
26.77453960307527,8.532424926757798
26.846057571964955,8.554519653320298
26.91757554085464,8.578178405761705
26.998033255855535,8.603691101074205
27.06955122474522,8.630905151367202
27.1410691936349,8.659049987792997
27.221526908635795,8.687049865722699
27.293044877525478,8.713691711425795
27.364562846415165,8.737701416015597
27.445020561416055,8.758255004882798
27.51653853030574,8.775085449218693
27.588056499195424,8.788116455078097
27.668514214196314,8.797904968261705
27.740032183086,8.806640625
27.811550151975684,8.817497253417997
27.892007866976577,8.832572937011705
27.96352583586626,8.852165222167997
28.035043804755944,8.875480651855497
28.11550151975684,8.9012451171875
28.18701948864652,8.928146362304702
28.258537457536203,8.955589294433594
28.3389951725371,8.983634948730497
28.410513141426787,9.011993408203097
28.48203111031647,9.039733886718693
28.562488825317363,9.065742492675795
28.634006794207046,9.0888671875
28.70552476309673,9.108116149902301
28.785982478097623,9.12353515625
28.857500446987306,9.136482238769503
28.92901841587699,9.149162292480497
29.009476130877882,9.163795471191406
29.080994099767565,9.182029724121094
29.15251206865725,9.204277038574205
29.23296978365814,9.229934692382798
29.304487752547825,9.258003234863295
29.38494546754872,9.287086486816406
29.45646343643841,9.315490722656193
29.52798140532809,9.341697692871094
29.608439120328985,9.364471435546903
29.679957089218668,9.383125305175795
29.75147505810835,9.398475646972699
29.831932773109244,9.412857055664105
29.903450741998927,9.428329467773395
29.97496871088861,9.445198059082003
30.055426425889504,9.4619140625
30.126944394779187,9.475845336914105
30.19846236366887,9.484535217285199
30.278920078669763,9.487922668457003
30.350438047559447,9.489524841308594
30.42195601644913,9.495010375976605
30.50241373145003,9.509162902832003
30.573931700339713,9.533805847167997
30.645449669229397,9.567214965820298
30.72590738423029,9.604240417480497
30.797425353119973,9.638107299804702
30.868943322009656,9.664230346679702
30.94940103701055,9.682929992675795
31.020919005900232,9.697204589843693
31.092436974789916,9.709320068359403
31.17289468979081,9.720588684082003
31.244412658680492,9.732826232910199
31.315930627570175,9.748077392578097
31.39638834257107,9.767524719238295
31.46790631146075,9.791236877441406
31.53942428035044,9.818450927734403
31.619881995351335,9.847915649414105
31.69139996424102,9.878715515136705
31.762917933130698,9.910202026367202
31.843375648131595,9.941909790039105
31.914893617021278,9.973709106445298
31.98641158591096,10.005538940429702
32.066869300911854,10.037300109863295
32.13838726980154,10.069076538085895
32.21884498480243,10.100914001464801
32.29036295369212,10.132514953613295
32.3618809225818,10.163482666015597
32.442338637582694,10.193161010742202
32.51385660647237,10.220726013183594
32.58537457536206,10.245590209960895
32.66583229036296,10.267425537109403
32.737350259252636,10.286323547363295
32.808868228142316,10.303466796875
32.88932594314321,10.3203125
32.9608439120329,10.337394714355497
33.032361880922586,10.355178833007798
33.112819595923476,10.375030517578097
33.18433756481316,10.398094177246094
33.25585553370284,10.424468994140597
33.33631324870374,10.453620910644503
33.40783121759342,10.484573364257798
33.479349186483105,10.515823364257798
33.559806901483995,10.545745849609403
33.63132487037368,10.572380065917997
33.70284283926336,10.593559265136705
33.78330055426426,10.607826232910199
33.85481852315394,10.615715026855497
33.926336492043625,10.620742797851605
34.00679420704452,10.628273010253906
34.07831217593421,10.642066955566406
34.14983014482389,10.662750244140597
34.230287859824784,10.689270019531193
34.301805828714464,10.720199584960895
34.37332379760415,10.754196166992202
34.45378151260504,10.790412902832003
34.52529948149473,10.828140258789105
34.59681745038441,10.866195678710895
34.6772751653853,10.903312683105497
34.74879313427498,10.938789367675795
34.82031110316467,10.972747802734403
34.90076881816556,11.005622863769503
34.972286787055246,11.037773132324205
35.04380475594493,11.069610595703097
35.12426247094583,11.101470947265597
35.19578043983551,11.133369445800795
35.276238154836406,11.165367126464801
35.347756123726086,11.197433471679702
35.41927409261577,11.229400634765597
35.49973180761666,11.261344909667997
35.57124977650635,11.293380737304702
35.64276774539603,11.325546264648395
35.723225460396925,11.358085632324205
35.794743429286605,11.391273498535199
35.86626139817629,11.425201416015597
35.94671911317718,11.460075378417997
36.01823708206687,11.495872497558594
36.089755050956555,11.531837463378906
36.17021276595745,11.566810607910199
36.24173073484713,11.600013732910199
36.31324870373681,11.631622314453097
36.39370641873771,11.662513732910199
36.465224387627394,11.694137573242202
36.536742356517074,11.728446960449205
36.61720007151797,11.766441345214801
36.68871804040765,11.806900024414105
36.76023600929734,11.847404479980497
36.84069372429823,11.886253356933594
36.91221169318791,11.923164367675795
36.9837296620776,11.958686828613295
37.06418737707849,11.993614196777301
37.13570534596818,12.028991699218693
37.207223314857856,12.065460205078097
37.28768102985875,12.102592468261705
37.35919899874843,12.139312744140597
37.43071696763812,12.174819946289105
37.511174682639016,12.209068298339801
37.582692651528696,12.242355346679702
37.65421062041838,12.274925231933594
37.73466833541927,12.307136535644503
37.80618630430896,12.339340209960895
37.877704273198646,12.371749877929702
37.958161988199535,12.404808044433594
38.02967995708922,12.438995361328097
38.1011979259789,12.474586486816406
38.1816556409798,12.511871337890597
38.25317360986948,12.550796508789105
38.333631324870375,12.590309143066406
38.405149293760054,12.628433227539105
38.47666726264974,12.663070678710895
38.55712497765064,12.692352294921903
38.62864294654032,12.714508056640597
38.700160915430004,12.728210449218693
38.780618630430894,12.734138488769503
38.85213659932058,12.735771179199205
38.92365456821027,12.737937927246094
39.00411228321116,12.744201660156193
39.075630252100844,12.755744934082003
39.14714822099052,12.772293090820298
39.22760593599142,12.793289184570298
39.2991239048811,12.818229675292997
39.370641873770786,12.846710205078097
39.451099588771676,12.878311157226605
39.52261755766136,12.912536621093693
39.59413552655104,12.949050903320298
39.67459324155194,12.987419128417997
39.746111210441626,13.0264892578125
39.81762917933131,13.0648193359375
39.8980868943322,13.101547241210895
39.96960486322189,13.136703491210895
40.04112283211157,13.170669555664105
40.121580547112465,13.203712463378906
40.193098516002145,13.2362060546875
40.26461648489183,13.268325805664105
40.34507419989272,13.299858093261705
40.41659216878241,13.330528259277301
40.48811013767209,13.359748840332003
40.568567852672984,13.386550903320298
40.640085821562664,13.410491943359403
40.71160379045235,13.432868957519503
40.79206150545325,13.456497192382798
40.86357947434293,13.483650207519503
40.93509744323261,13.514686584472699
41.01555515823351,13.548591613769503
41.08707312712319,13.584335327148395
41.15859109601288,13.621452331542997
41.23904881101377,13.659439086914105
41.31056677990345,13.697067260742202
41.39102449490434,13.732658386230497
41.46254246379403,13.7646484375
41.53406043268371,13.7919921875
41.614518147684606,13.814224243164105
41.686036116574286,13.831947326660199
41.75755408546397,13.847991943359403
41.83801180046487,13.867202758789105
41.90952976935455,13.893005371093693
41.98104773824423,13.924674987792997
42.06150545324513,13.959037780761705
42.13302342213481,13.993515014648395
42.2045413910245,14.026725769042997
42.28499910602539,14.058082580566406
42.356517074915075,14.087913513183594
42.428035043804755,14.117630004882798
42.50849275880565,14.148979187011705
42.58001072769533,14.181808471679702
42.65152869658502,14.212203979492202
42.73198641158591,14.234580993652301
42.803504380475594,14.245948791503906
42.875022349365274,14.248298645019503
42.95548006436617,14.247390747070298
43.02699803325585,14.249191284179702
43.09851600214554,14.257400512695298
43.178973717146434,14.273223876953097
43.25049168603612,14.295890808105497
43.3220096549258,14.323585510253906
43.4024673699267,14.354568481445298
43.47398533881638,14.387542724609403
43.54550330770606,14.421417236328097
43.62596102270695,14.455574035644503
43.69747899159664,14.489448547363295
43.76899696048632,14.522201538085895
43.849454675487216,14.552947998046903
43.920972644376896,14.580612182617202
43.99249061326658,14.603950500488295
44.07294832826747,14.622291564941406
44.14446629715716,14.635543823242202
44.224924012158056,14.643180847167997
44.29644198104774,14.643051147460895
44.36795994993742,14.630889892578097
44.44841766493832,14.600730895996094
44.519935633828,14.546684265136705
44.591453602717685,14.465858459472699
44.671911317718575,14.359733581542997
44.74342928660826,14.232643127441406
44.81494725549794,14.090080261230497
44.89540497049884,13.938697814941406
44.96692293938852,13.786643981933594
45.038440908278204,13.641410827636705
45.118898623279094,13.506477355957003
45.19041659216878,13.380714416503906
45.26193456105847,13.260910034179702
45.342392276059364,13.144500732421903
45.413910244949044,13.030952453613295
45.48542821383872,12.921470642089801
45.56588592883962,12.817680358886705
45.63740389772931,12.720954895019503
45.708921866618994,12.632270812988295
45.78937958161988,12.551780700683594
45.86089755050956,12.477386474609403
45.93241551939925,12.403709411621094
46.01287323440014,12.324264526367202
46.084391203289826,12.235359191894503
46.15590917217951,12.137268066406193
46.2363668871804,12.032531738281193
46.30788485607009,11.924636840820298
46.37940282495977,11.817398071289105
46.459860539960665,11.71435546875
46.531378508850345,11.616981506347699
46.60289647774003,11.523048400878906
46.68335419274093,11.427825927734403
46.754872161630615,11.327705383300795
46.826390130520295,11.221572875976605
46.906847845521185,11.110122680664105
46.97836581441087,10.995521545410199
47.04988378330056,10.881050109863295
47.13034149830145,10.769996643066406
47.201859467191134,10.664985656738295
47.282317182192024,10.567573547363295
47.35383515108171,10.477378845214801
47.42535311997139,10.390792846679702
47.50581083497229,10.301925659179702
47.57732880386197,10.205940246582003
47.648846772751654,10.101287841796903
47.72930448775255,9.989280700683594
47.80082245664224,9.872543334960895
47.87234042553192,9.753738403320298
47.952798140532806,9.635231018066406
48.02431610942249,9.519203186035199
48.09583407831218,9.407203674316406
48.17629179331307,9.299636840820298
48.247809762202756,9.195785522460895
48.319327731092436,9.093955993652301
48.39978544609333,8.991539001464801
48.47130341498301,8.885299682617202
48.5428213838727,8.772445678710895
48.62327909887359,8.6524658203125
48.694797067763275,8.528450012207003
48.766315036652955,8.405967712402301
48.84677275165386,8.290222167968693
48.91829072054354,8.184501647949205
48.98980868943322,8.090164184570298
49.070266404434115,8.005996704101605
49.1417843733238,7.927619934082003
49.21330234221348,7.849494934082003
49.29376005721438,7.768272399902301
49.36527802610406,7.6841354370117045
49.436795994993744,7.599655151367202
49.517253709994634,7.518005371093693
49.58877167888432,7.440490722656193
49.660289647774,7.364456176757798
49.7407473627749,7.284515380859403
49.81226533166458,7.196624755859403
49.88378330055426,7.1004104614257955
49.96424101555516,6.998428344726605
50.03575898444485,6.894645690917997
50.11621669944574,6.793540954589801
50.187734668335416,6.699211120605497
50.2592526372251,6.614639282226605
50.339710352226,6.541358947753906
50.41122832111567,6.478378295898395
50.482746290005366,6.4203567504882955
50.563204005006256,6.358627319335895
50.63472197389595,6.286026000976605
50.70623994278562,6.200416564941406
50.78669765778652,6.103843688964801
50.858215626676206,5.999786376952997
50.929733595565885,5.89119720459
51.010191310566775,5.780006408690994
51.08170927945647,5.66773223877
51.15322724834614,5.556175231934006
51.23368496334704,5.447311401367003
51.305202932236725,5.34245300293
51.376720901126404,5.24161529541
51.457178616127294,5.1434631347659945
51.52869658501699,5.045341491699006
51.60021455390667,4.943542480469006
51.68067226890757,4.834129333495994
51.752190237797244,4.714233398437003
51.82370820668692,4.583847045897997
51.90416592168783,4.447387695312003
51.97568389057751,4.312210083007997
52.047201859467194,4.184532165527003
52.12765957446809,4.066947937012003
52.19917754335776,3.959251403809006
52.27069551224746,3.860298156737997
52.351153227248346,3.769050598145
52.422671196138026,3.684623718262003
52.49418916502771,3.6051788330079972
52.57464688002861,3.527153015137003
52.64616484891829,3.446746826172003
52.717682817807976,3.36270904541
52.798140532808866,3.2768402099609943
52.869658501698545,3.19206237793
52.94117647058824,3.110168457030994
53.02163418558913,3.0297164916990056
53.093152154478815,2.94652557373
53.17360986947971,2.856941223145
53.245127838369385,2.760192871094006
53.31664580725908,2.6581039428709943
53.39710352225997,2.5534286499020027
53.46862149114965,2.448295593262003
53.540139460039335,2.3434906005859943
53.62059717504023,2.2388381958009944
53.69211514392991,2.133842468262003
53.7636331128196,2.0283660888670028
53.84409082782049,1.9233169555659941
53.91560879671017,1.8203506469729973
53.98712676559986,1.7207183837890057
54.06758448060075,1.6246337890620026
54.13910244949044,1.5315170288090059
54.21062041838012,1.4404678344729973
54.291078133381006,1.3506317138670028
54.3625961022707,1.2613983154300001
54.43411407116038,1.1723480224609943
54.51457178616127,1.083282470702997
54.586089755050956,0.9941329956049998
54.657607723940636,0.9049682617190058
54.73806543894153,0.8159027099609943
54.80958340783122,0.7270812988279971
54.8811013767209,0.6386642456049998
54.96155909172179,0.5508193969729973
55.03307706061148,0.46364593505900586
55.104595029501155,0.37712097168000014
55.18505274450206,0.2911148071290057
55.25657071339174,0.20549011230500014
55.32808868228142,0.12019348144499986
55.40854639728232,0.03491973877000021
55.480064366172,-0.05078125
55.55158233506169,-0.13735198974599427
55.63204005006258,-0.2248840332029971
55.70355801895226,-0.3130187988279971
55.77507598784195,-0.4009399414059942
55.85553370284284,-0.48725128173799703
55.92705167173252,-0.5700302124020027
55.99856964062221,-0.6470489501949999
56.079027355623104,-0.7165832519529971
56.15054532451278,-0.7786865234379974
56.23100303951368,-0.8363265991209943
56.30252100840336,-0.8937683105470029
56.37403897729304,-0.9530487060550001
56.454496692293944,-1.0134201049799998
56.52601466118362,-1.0739669799799998
56.59753263007331,-1.1363296508790057
56.6779903450742,-1.2037582397459943
56.74950831396388,-1.2777175903320028
56.82102628285357,-1.3563766479490056
56.90148399785446,-1.4360809326170028
56.97300196674414,-1.5133895874020027
57.04451993563383,-1.586585998535
57.124977650634726,-1.6561279296879974
57.1964956195244,-1.723175048827997
57.26801358841409,-1.7886505126949999
57.34847130341498,-1.8538742065429972
57.41998927230466,-1.9199066162109943
57.49150724119435,-1.9863052368159941
57.571964956195245,-2.0516662597659945
57.64348292508493,-2.114883422852003
57.71500089397461,-2.175773620605
57.7954586089755,-2.2347946166990056
57.866976577865195,-2.292366027832003
57.93849454675487,-2.348709106445
58.018952261755764,-2.4041442871090055
58.09047023064545,-2.4589462280270027
58.16198819953513,-2.513397216797003
58.24244591453602,-2.5676651000979973
58.313963883425714,-2.621589660645
58.385481852315394,-2.67505645752
58.46593956731628,-2.72811126709
58.53745753620597,-2.7807464599609943
58.60897550509565,-2.83325958252
58.689433220096554,-2.886779785155994
58.76095118898623,-2.9432144165040057
58.83246915787592,-3.0047378540040057
58.91292687287682,-3.0733642578129974
58.98444484176649,-3.150337219237997
59.05596281065618,-3.234680175780994
59.13642052565707,-3.321998596190994
59.20793849454675,-3.4060974121090055
59.28839620954764,-3.4828948974609943
59.359914178437336,-3.5518493652340055
59.431432147327016,-3.614799499512003
59.511889862327905,-3.6739730834959943
59.58340783121759,-3.730796813965
59.65492580010727,-3.785911560059006
59.735383515108175,-3.8401565551759944
59.806901483997855,-3.895027160645
59.87841945288754,-3.9523010253909945
59.95887716788844,-4.013214111327997
60.03039513677811,-4.07780456543
60.101913105667805,-4.145042419434006
60.182370820668694,-4.213272094727003
60.253888789558374,-4.280166625977003
60.32540675844806,-4.342697143555
60.40586447344896,-4.397491455077997
60.47738244233864,-4.441268920897997
60.548900411228324,-4.472099304199006
60.629358126229214,-4.491973876952997
60.70087609511889,-4.50821685791
60.77239406400858,-4.53067779541
60.85285177900948,-4.566215515137003
60.924369747899156,-4.616165161132997
60.99588771678884,-4.677215576172003
61.07634543178973,-4.743286132812997
61.14786340067943,-4.807350158690994
61.219381369569106,-4.862648010254006
61.299839084569996,-4.904373168945
61.37135705345968,-4.931968688965
61.44287502234936,-4.950889587402003
61.52333273735026,-4.96989440918
61.594850706239946,-4.995628356934006
61.666368675129625,-5.0303649902340055
61.746826390130515,-5.0735778808590055
61.8183443590202,-5.123649597167997
61.88986232790988,-5.178733825684006
61.97032004291078,-5.2369689941409945
62.041838011800465,-5.296653747559006
62.122295726801354,-5.356414794922003
62.19381369569105,-5.414894104004006
62.26533166458073,-5.470970153809006
62.34578937958162,-5.524520874022997
62.417307348471304,-5.57674407959
62.488825317360984,-5.629508972167997
62.56928303236188,-5.684394836425994
62.64080100125157,-5.74178314209
62.71231897014125,-5.801086425780994
62.79277668514214,-5.861694335937997
62.86429465403182,-5.923484802245994
62.9358126229215,-5.986145019530994
63.0162703379224,-6.048789978027003
63.08778830681209,-6.109909057617003
63.159306275701766,-6.167900085449006
63.23976399070267,-6.22184753418
63.31128195959235,-6.2716369628909945
63.38279992848204,-6.317497253417997
63.463257643482926,-6.35954284668
63.534775612372606,-6.397476196289006
63.6062935812623,-6.430778503417997
63.68675129626319,-6.459594726562997
63.75826926515287,-6.4851989746090055
63.829787234042556,-6.509147644042997
63.910244949043445,-6.5325622558590055
63.981762917933125,-6.555877685547003
64.05328088682282,-6.579170227050994
64.13373860182371,-6.602523803710994
64.20525657071339,-6.625984191895
64.27677453960308,-6.649200439452997
64.35723225460397,-6.671943664550994
64.42875022349367,-6.695167541504006
64.50026819238333,-6.720756530762003
64.58072590738423,-6.749160766602003
64.65224387627391,-6.778091430664006
64.7237618451636,-6.804527282715
64.80421956016448,-6.827629089355
64.87573752905418,-6.848999023437997
64.94725549794386,-6.869941711425994
65.02771321294475,-6.889625549315994
65.09923118183444,-6.907592773437997
65.17968889683533,-6.92684173584
65.25120686572501,-6.951232910155994
65.3227248346147,-6.980339050292997
65.4031825496156,-7.009376525879006
65.47470051850527,-7.034469604492003
65.54621848739495,-7.055473327637003
65.62667620239586,-7.073928833007997
65.69819417128554,-7.091323852539006
65.76971214017522,-7.1094665527340055
65.8501698551761,-7.130081176757997
65.9216878240658,-7.15357208252
65.99320579295548,-7.17928314209
66.07366350795637,-7.205894470215
66.14518147684606,-7.231834411620994
66.21669944573574,-7.255966186522997
66.29715716073663,-7.27848815918
66.36867512962633,-7.3008728027340055
66.440193098516,-7.32479095459
66.5206508135169,-7.350952148437997
66.59216878240657,-7.378929138184006
66.66368675129625,-7.40739440918
66.74414446629716,-7.433921813965
66.81566243518684,-7.454887390137003
66.88718040407653,-7.466278076172003
66.96763811907742,-7.465698242187997
67.0391560879671,-7.454231262207003
67.1106740568568,-7.434875488280994
67.19113177185768,-7.408615112305
67.26264974074736,-7.374252319335994
67.33416770963704,-7.332099914550994
67.41462542463795,-7.284736633300994
67.48614339352763,-7.233528137207003
67.5576613624173,-7.17667388916
67.6381190774182,-7.110961914062997
67.70963704630788,-7.034385681152003
67.78115501519757,-6.947242736815994
67.86161273019846,-6.851776123047003
67.93313069908815,-6.751731872559006
68.01358841408904,-6.652160644530994
68.08510638297872,-6.558837890625
68.15662435186842,-6.476669311522997
68.2370820668693,-6.407936096190994
68.30860003575899,-6.35082244873
68.38011800464866,-6.298950195312997
68.46057571964957,-6.244186401367003
68.53209368853925,-6.181297302245994
68.60361165742893,-6.109405517577997
68.68406937242982,-6.030090332030994
68.7555873413195,-5.945304870605
68.82710531020919,-5.856620788574006
68.90756302521008,-5.765357971190994
68.97908099409977,-5.672904968262003
69.05059896298945,-5.580276489257997
69.13105667799034,-5.487091064452997
69.20257464688004,-5.391143798827997
69.27409261576972,-5.289329528809006
69.3545503307706,-5.178955078125
69.42606829966029,-5.059631347655994
69.49758626854997,-4.934272766112997
69.57804398355087,-4.807289123535
69.64956195244055,-4.683204650879006
69.72107992133023,-4.567161560059006
69.80153763633112,-4.463935852050994
69.87305560522081,-4.376235961914006
69.94457357411049,-4.3050231933590055
70.0250312891114,-4.249755859375
70.09654925800108,-4.2071228027340055
70.16806722689076,-4.169731140137003
70.24852494189166,-4.128303527832003
70.32004291078134,-4.0765075683590055
70.39156087967102,-4.012939453125
70.47201859467191,-3.939453125
70.54353656356159,-3.859016418457003
70.61505453245128,-3.7744140625
70.69551224745217,-3.6877899169920028
70.76703021634185,-3.600532531737997
70.83854818523155,-3.513343811035
70.91900590023243,-3.4264984130859943
70.99052386912211,-3.340003967285
71.07098158412302,-3.253776550292997
71.1424995530127,-3.1677093505859943
71.21401752190238,-3.081809997559006
71.29447523690328,-2.996208190917997
71.36599320579296,-2.911247253417997
71.43751117468264,-2.827423095702997
71.51796888968353,-2.7454299926759944
71.58948685857321,-2.6659774780270027
71.6610048274629,-2.5895538330079972
71.7414625424638,-2.516326904297003
71.81298051135347,-2.4460906982420028
71.88449848024317,-2.37873840332
71.96495619524406,-2.31485748291
72.03647416413374,-2.255500793457003
72.10799213302343,-2.200355529785
72.18844984802432,-2.1459808349609943
72.259967816914,-2.087104797362997
72.33148578580368,-2.0201644897459943
72.41194350080458,-1.9449005126949999
72.48346146969426,-1.863143920897997
72.55497943858394,-1.7772674560550001
72.63543715358483,-1.68936920166
72.70695512247453,-1.601020812987997
72.7784730913642,-1.5131683349609943
72.8589308063651,-1.4263305664059942
72.93044877525479,-1.3406982421879974
73.00196674414447,-1.2561645507809942
73.08242445914536,-1.1724243164059942
73.15394242803505,-1.0892639160159945
73.22546039692472,-1.0068435668950002
73.30591811192562,-0.92578125
73.3774360808153,-0.8466796875
73.44895404970498,-0.7695159912109943
73.52941176470588,-0.693061828612997
73.60092973359556,-0.6154022216800001
73.67244770248524,-0.5352249145509944
73.75290541748615,-0.45236968994099414
73.82442338637583,-0.3673934936520027
73.89594135526552,-0.28102111816400566
73.97639907026641,-0.19376373290999993
74.04791703915609,-0.10586547851599448
74.12837475415698,-0.017639160155994205
74.19989272304667,0.07020568847700304
74.27141069193635,0.1562118530270027
74.35186840693724,0.23847198486299703
74.42338637582692,0.31507873535200304
74.4949043447166,0.38426208496099434
74.5753620597175,0.4446411132809942
74.64688002860719,0.49647521972700304
74.71839799749687,0.5431137084959943
74.79885571249777,0.5901489257809942
74.87037368138745,0.6422195434570028
74.94189165027714,0.701034545897997
75.02234936527803,0.765678405762003
75.09386733416771,0.8339004516599999
75.16538530305739,0.903457641602003
75.2458430180583,0.9729995727540057
75.31736098694796,1.042098999022997
75.38887895583765,1.1104812622070028
75.46933667083854,1.177703857422003
75.54085463972822,1.2436370849609943
75.61237260861792,1.3087234497070028
75.69283032361881,1.3735733032229973
75.76434829250849,1.4388198852540057
75.83586626139818,1.504829406737997
75.91632397639907,1.571182250977003
75.98784194528876,1.6369400024409941
76.05935991417844,1.701553344727003
76.13981762917933,1.7651138305659941
76.21133559806901,1.827911376952997
76.28285356695869,1.8902130126949999
76.3633112819596,1.9521560668950002
76.43482925084928,2.013343811035
76.50634721973896,2.072731018065994
76.58680493473985,2.128746032715
76.65832290362954,2.1791534423829972
76.72984087251922,2.2220993041990056
76.81029858752011,2.2582626342770027
76.8818165564098,2.2921371459959943
76.95333452529948,2.329948425292997
77.03379224030039,2.3759384155270027
77.10531020919007,2.43058013916
77.18576792419096,2.491455078125
77.25728589308063,2.555145263672003
77.32880386197031,2.6188583374020027
77.4092615769712,2.6808624267579972
77.4807795458609,2.740104675292997
77.55229751475058,2.7962341308590055
77.63275522975147,2.8495712280270027
77.70427319864116,2.9006729125979973
77.77579116753084,2.950057983397997
77.85624888253173,2.99829864502
77.92776685142142,3.046028137207003
77.9992848203111,3.0939483642579972
78.07974253531201,3.1427230834959943
78.15126050420169,3.192733764647997
78.22277847309135,3.243789672852003
78.30323618809226,3.2950973510740056
78.37475415698194,3.345840454102003
78.44627212587163,3.395805358887003
78.52672984087252,3.4452438354490056
78.5982478097622,3.494514465332003
78.6697657786519,3.5438537597659945
78.75022349365278,3.593185424805
78.82174146254246,3.64217376709
78.89325943143216,3.6903305053709943
78.97371714643305,3.7370452880859943
79.04523511532273,3.7817001342770027
79.1167530842124,3.8239593505859943
79.19721079921331,3.863983154297003
79.26872876810297,3.9023056030270027
79.34024673699267,3.938987731934006
79.42070445199356,3.973205566405994
79.49222242088325,4.0042419433590055
79.56374038977293,4.032165527344006
79.64419810477382,4.057113647460994
79.71571607366351,4.078987121582003
79.7872340425532,4.098083496094006
79.86769175755408,4.114959716797003
79.93920972644378,4.12971496582
80.01966744144467,4.142456054687003
80.09118541033435,4.154579162597997
80.16270337922403,4.169128417969006
80.24316109422493,4.188697814940994
80.3146790631146,4.212882995605
80.38619703200429,4.238571166992003
80.46665474700518,4.262687683105
80.53817271589487,4.283752441405994
80.60969068478455,4.301170349120994
80.69014839978544,4.314323425292997
80.76166636867514,4.322822570800994
80.83318433756482,4.327713012695
80.9136420525657,4.331932067870994
80.9851600214554,4.338935852050994
81.05667799034507,4.350341796875
81.13713570534597,4.364814758300994
81.20865367423565,4.379554748535
81.28017164312533,4.392822265625
81.36062935812622,4.404846191405994
81.43214732701591,4.416915893555
81.50366529590559,4.429679870605
81.5841230109065,4.4427795410159945
81.65564097979617,4.455879211425994
81.72715894868585,4.469337463379006
81.80761666368676,4.483818054199006
81.87913463257644,4.499572753905994
81.95065260146612,4.515968322754006
82.03111031646702,4.531997680664006
82.10262828535669,4.5472106933590055
82.17414625424638,4.56217956543
82.25460396924727,4.577896118164006
82.32612193813695,4.594772338867003
82.39763990702664,4.61190032959
82.47809762202753,4.627716064452997
82.54961559091721,4.641426086425994
82.6211335598069,4.653633117675994
82.7015912748078,4.665855407715
82.77310924369748,4.679557800292997
82.84462721258717,4.695274353027003
82.92508492758806,4.712211608887003
82.99660289647774,4.72876739502
83.07706061147864,4.74382019043
83.14857858036831,4.757202148437003
83.220096549258,4.769096374512003
83.30055426425889,4.779106140137003
83.37207223314857,4.785827636719006
83.44359020203827,4.787727355957003
83.52404791703916,4.7847595214840055
83.59556588592883,4.779151916504006
83.66708385481853,4.774444580077997
83.74754156981942,4.773765563965
83.8190595387091,4.778663635254006
83.89057750759878,4.788955688477003
83.97103522259968,4.8028869628909945
84.04255319148936,4.818084716797003
84.11407116037904,4.833106994629006
84.19452887537993,4.848030090332003
84.26604684426962,4.863746643065994
84.3375648131593,4.880760192870994
84.4180225281602,4.898391723632997
84.48954049704989,4.915351867675994
84.56105846593957,4.931076049805
84.64151618094046,4.946319580077997
84.71303414983015,4.962356567382997
84.78455211871983,4.979766845702997
84.86500983372072,4.997665405272997
84.93652780261041,5.014213562012003
85.00804577150008,5.028091430664006
85.08850348650098,5.039077758789006
85.16002145539066,5.047561645507997
85.23153942428036,5.053810119629006
85.31199713928125,5.057823181152003
85.38351510817093,5.060363769530994
85.45503307706062,5.0634765625
85.53549079206151,5.069534301757997
85.60700876095119,5.079490661620994
85.67852672984088,5.092292785645
85.75898444484177,5.105895996094006
85.83050241373145,5.118896484375
85.91096012873234,5.131401062012003
85.98247809762202,5.14453125
86.0539960665117,5.15943145752
86.1344537815126,5.176391601562003
86.20597175040228,5.194458007812003
86.27748971929198,5.212112426757997
86.35794743429287,5.228614807129006
86.42946540318255,5.2444763183590055
86.50098337207224,5.260688781737997
86.58144108707313,5.277709960937003
86.65295905596281,5.294731140137003
86.7244770248525,5.310096740722997
86.8049347398534,5.322570800780994
86.87645270874307,5.331809997559006
86.94797067763275,5.33780670166
87.02842839263366,5.340637207030994
87.09994636152332,5.341094970702997
87.17146433041302,5.341300964355
87.2519220454139,5.343940734862997
87.32344001430359,5.350975036620994
87.39495798319328,5.362785339355
87.47541569819417,5.377998352050994
87.54693366708386,5.394432067870994
87.61845163597354,5.410659790039006
87.69890935097443,5.426643371582003
87.77042731986413,5.44310760498
87.84194528875379,5.460319519042997
87.9224030037547,5.477561950684006
87.99392097264437,5.493476867675994
88.06543894153405,5.507423400879006
88.14589665653494,5.520027160645
88.21741462542464,5.532760620117003
88.28893259431432,5.547103881835994
88.36939030931521,5.563781738280994
88.4409082782049,5.582252502440994
88.51242624709458,5.601181030272997
88.59288396209548,5.619758605957003
88.66440193098516,5.63809967041
88.73591989987484,5.656478881835994
88.81637761487575,5.67431640625
88.88789558376541,5.690467834472997
88.96835329876632,5.704399108887003
89.039871267656,5.716598510742003
89.11138923654568,5.727676391602003
89.19184695154657,5.737373352050994
89.26336492043626,5.743713378905994
89.33488288932594,5.743141174315994
89.41534060432683,5.732238769530994
89.48685857321652,5.710868835449006
89.5583765421062,5.68376159668
89.6388342571071,5.657035827637003
89.71035222599679,5.6333923339840055
89.78187019488647,5.613166809082003
89.86232790988737,5.598495483397997
89.93384587877703,5.59245300293
90.00536384766673,5.596229553222997
90.08582156266762,5.6085510253909945
90.1573395315573,5.626525878905994
90.22885750044699,5.646766662597997
90.30931521544788,5.666648864745994
90.38083318433756,5.684341430664006
90.45235115322726,5.697746276855
90.53280886822814,5.70369720459
90.60432683711782,5.698944091797003
90.6758448060075,5.682884216309006
90.75630252100841,5.659248352050994
90.82782048989809,5.6341247558590055
90.89933845878777,5.612075805664006
90.97979617378866,5.594535827637003
91.05131414267835,5.580955505370994
91.12283211156803,5.570457458495994
91.20328982656892,5.562744140625
91.27480779545861,5.557586669922003
91.3463257643483,5.553573608397997
91.42678347934918,5.548370361327997
91.49830144823888,5.541023254395
91.56981941712856,5.533470153809006
91.65027713212945,5.529891967772997
91.72179510101913,5.53441619873
91.7933130699088,5.549156188965
91.87377078490971,5.572692871094006
91.94528875379939,5.599662780762003
92.02574646880028,5.623580932617003
92.09726443768997,5.641098022460994
92.16878240657965,5.652503967285
92.24924012158054,5.65941619873
92.32075809047024,5.6629943847659945
92.39227605935992,5.6637268066409945
92.4727337743608,5.662208557129006
92.5442517432505,5.659622192382997
92.61576971214018,5.657020568847997
92.69622742714107,5.654190063477003
92.76774539603075,5.649536132812003
92.83926336492043,5.64037322998
92.91972107992133,5.623809814452997
92.99123904881101,5.59765625
93.06275701770069,5.561904907227003
93.1432147327016,5.520034790039006
93.21473270159127,5.477844238280994
93.28625067048097,5.439376831055
93.36670838548186,5.404029846190994
93.43822635437154,5.367240905762003
93.50974432326123,5.323417663574006
93.59020203826212,5.269454956055
93.6617200071518,5.207221984862997
93.73323797604148,5.142272949219006
93.81369569104237,5.079620361327997
93.88521365993205,5.021362304687003
93.95673162882174,4.967414855957003
94.03718934382263,4.916717529297003
94.10870731271231,4.868110656737997
94.180225281602,4.820587158202997
94.2606829966029,4.773551940917997
94.33220096549259,4.726684570312003
94.40371893438227,4.679985046387003
94.48417664938316,4.633560180664006
94.55569461827284,4.587661743164006
94.62721258716252,4.542488098145
94.70767030216342,4.498100280762003
94.7791882710531,4.454216003417997
94.85070623994278,4.410087585449006
94.93116395494367,4.364456176757997
95.00268192383336,4.315612792969006
95.08313963883425,4.261657714844006
95.15465760772393,4.201095581055
95.22617557661363,4.13419342041
95.30663329161452,4.064010620117003
95.37815126050421,3.9954605102540057
95.44966922939389,3.932563781737997
95.53012694439478,3.876983642577997
95.60164491328447,3.828941345215
95.67316288217414,3.788192749022997
95.75362059717504,3.754371643065994
95.82513856606472,3.727104187012003
95.8966565349544,3.706024169922003
95.97711424995529,3.6898193359370026
96.04863221884499,3.6747589111329972
96.12015018773467,3.6558303833009944
96.20060790273556,3.629890441895
96.27212587162525,3.5970153808590055
96.34364384051493,3.5592803955079972
96.42410155551583,3.519096374512003
96.49561952440551,3.478515625
96.56713749329519,3.4388732910159945
96.64759520829608,3.400856018065994
96.71911317718576,3.364990234375
96.79063114607546,3.3319320678709943
96.87108886107634,3.301628112792997
96.94260682996602,3.271842956542997
97.01412479885572,3.2376708984370026
97.09458251385661,3.194686889647997
97.16610048274629,3.1438903808590055
97.23761845163598,3.091659545897997
97.31807616663687,3.044982910155994
97.38959413552655,3.008522033690994
97.46111210441623,2.98454284668
97.54156981941713,2.9722595214840055
97.61308778830681,2.966796875
97.6846057571965,2.9610900878909945
97.76506347219738,2.949928283690994
97.83658144108708,2.9318161010740056
97.91703915608797,2.90763092041
97.98855712497765,2.8791351318359943
98.06007509386734,2.8481903076170028
98.14053280886823,2.8161773681640057
98.21205077775791,2.783988952637003
98.2835687466476,2.7522659301759944
98.36402646164849,2.7212600708009944
98.43554443053817,2.6911163330079972
98.50706239942785,2.6619338989259944
98.58752011442876,2.63370513916
98.65903808331844,2.606422424315994
98.73055605220812,2.5801239013670028
98.811013767209,2.5542907714840055
98.8825317360987,2.527893066405994
98.95404970498838,2.500274658202997
99.03450741998927,2.4714202880859943
99.10602538887896,2.4415512084959943
99.17754335776864,2.4109573364259944
99.25800107276953,2.3800048828120026
99.32951904165922,2.34888458252
99.4010370105489,2.3177185058590055
99.4814947255498,2.28662109375
99.55301269443947,2.25560760498
99.62453066332915,2.2246246337890057
99.70498837833006,2.1937484741209943
99.77650634721974,2.162902832030994
99.84802431610942,2.13207244873
99.92848203111032,2.1013031005859943
100.0,2.07056427002
